date,location,crop,price_per_kg,temperature_c,rainfall_mm,market_arrivals_kg,festival_flag,demand_kg
2023-01-01,Delhi,Maize,21.9,16.3,0.0,2398,0,1770
2023-01-02,Delhi,Maize,22.3,16.2,1.4,2469,0,1816
2023-01-03,Delhi,Maize,22.0,16.0,0.7,2494,0,1848
2023-01-04,Delhi,Maize,22.3,16.3,0.0,2545,0,1889
2023-01-05,Delhi,Maize,22.6,16.4,1.0,2598,0,1941
2023-01-06,Delhi,Maize,22.7,16.1,0.4,2643,0,1948
2023-01-07,Delhi,Maize,22.8,15.9,0.9,2723,0,2018
2023-01-08,Delhi,Maize,22.7,15.8,0.0,2735,0,2063
2023-01-09,Delhi,Maize,22.9,16.1,0.0,2812,0,2089
2023-01-10,Delhi,Maize,23.1,16.0,0.0,2846,1,2311
2023-01-11,Noida,Maize,21.2,16.0,0.0,1453,0,1068
2023-01-12,Noida,Maize,21.6,16.3,0.0,1499,0,1125
2023-01-13,Noida,Maize,21.6,16.2,1.4,1515,0,1115
2023-01-14,Noida,Maize,21.7,16.4,0.0,1572,0,1175
2023-01-15,Noida,Maize,22.0,16.2,1.2,1605,0,1204
2023-01-16,Noida,Maize,22.1,16.5,0.0,1596,0,1174
2023-01-17,Noida,Maize,22.0,15.9,0.0,1676,0,1246
2023-01-18,Noida,Maize,22.2,16.3,0.0,1689,0,1273
2023-01-19,Noida,Maize,22.3,16.3,0.0,1747,0,1315
2023-01-20,Noida,Maize,22.4,16.3,0.0,1760,1,1427
2023-01-21,Ghaziabad,Maize,21.0,16.4,0.0,1320,0,981
2023-01-22,Ghaziabad,Maize,21.0,16.1,0.0,1352,0,1019
2023-01-23,Ghaziabad,Maize,21.2,16.2,0.0,1364,0,1029
2023-01-24,Ghaziabad,Maize,21.3,16.2,0.0,1398,0,1035
2023-01-25,Ghaziabad,Maize,21.4,16.2,0.0,1448,0,1068
2023-01-26,Ghaziabad,Maize,21.6,16.3,0.0,1499,0,1109
2023-01-27,Ghaziabad,Maize,21.7,16.1,0.0,1534,0,1130
2023-01-28,Ghaziabad,Maize,21.8,16.7,0.0,1538,0,1132
2023-01-29,Ghaziabad,Maize,22.2,16.7,1.0,1592,0,1176
2023-01-30,Ghaziabad,Maize,22.0,16.1,0.0,1621,1,1310
2023-01-31,Gurugram,Maize,23.0,16.4,0.0,1202,0,899
2023-02-01,Gurugram,Maize,23.4,16.7,0.0,1253,0,927
2023-02-02,Gurugram,Maize,23.4,16.7,0.0,1276,0,961
2023-02-03,Gurugram,Maize,23.5,16.5,0.0,1304,0,961
2023-02-04,Gurugram,Maize,23.8,16.8,0.5,1318,0,986
2023-02-05,Gurugram,Maize,23.8,16.9,0.0,1346,0,998
2023-02-06,Gurugram,Maize,23.9,17.0,0.0,1403,0,1034
2023-02-07,Gurugram,Maize,23.9,17.3,0.0,1407,0,1062
2023-02-08,Gurugram,Maize,24.1,17.1,0.0,1445,0,1079
2023-02-09,Gurugram,Maize,24.2,17.3,0.0,1486,1,1207
2023-02-10,Faridabad,Maize,21.5,17.0,1.5,1157,0,873
2023-02-11,Faridabad,Maize,21.6,17.2,0.0,1183,0,879
2023-02-12,Faridabad,Maize,21.7,17.1,1.0,1229,0,917
2023-02-13,Faridabad,Maize,21.9,17.3,1.1,1262,0,946
2023-02-14,Faridabad,Maize,22.0,17.5,0.0,1292,0,971
2023-02-15,Faridabad,Maize,22.1,17.2,0.0,1310,0,976
2023-02-16,Faridabad,Maize,22.2,17.5,0.0,1353,0,1004
2023-02-17,Faridabad,Maize,22.2,17.5,0.0,1372,0,1009
2023-02-18,Faridabad,Maize,22.5,18.0,0.0,1378,0,1014
2023-02-19,Faridabad,Maize,22.5,17.6,0.0,1420,1,1162
2023-02-20,Sonipat,Maize,20.6,16.9,0.0,1039,0,777
2023-02-21,Sonipat,Maize,20.7,17.5,0.0,1059,0,785
2023-02-22,Sonipat,Maize,20.6,17.1,0.0,1097,0,810
2023-02-23,Sonipat,Maize,21.0,17.6,0.6,1136,0,850
2023-02-24,Sonipat,Maize,20.9,17.5,0.0,1163,0,863
2023-02-25,Sonipat,Maize,21.2,17.4,0.0,1177,0,876
2023-02-26,Sonipat,Maize,21.2,17.5,0.0,1189,0,883
2023-02-27,Sonipat,Maize,21.4,17.4,0.0,1223,0,908
2023-02-28,Sonipat,Maize,21.4,17.7,0.0,1284,0,946
2023-03-01,Sonipat,Maize,21.7,17.9,0.0,1285,1,1065
2023-03-02,Panipat,Maize,20.3,17.4,0.0,1008,0,760
2023-03-03,Panipat,Maize,20.2,17.5,0.0,1022,0,753
2023-03-04,Panipat,Maize,20.7,18.2,1.4,1040,0,779
2023-03-05,Panipat,Maize,20.7,18.0,0.0,1076,0,808
2023-03-06,Panipat,Maize,20.5,18.0,0.0,1091,0,819
2023-03-07,Panipat,Maize,20.8,18.0,0.0,1142,0,857
2023-03-08,Panipat,Maize,21.1,18.6,0.0,1150,0,845
2023-03-09,Panipat,Maize,21.2,18.6,0.0,1173,0,884
2023-03-10,Panipat,Maize,21.2,18.6,0.0,1210,0,897
2023-03-11,Panipat,Maize,21.5,18.6,0.0,1238,1,1021
2023-03-12,Meerut,Maize,21.9,19.2,1.0,1254,0,930
2023-03-13,Meerut,Maize,22.1,19.3,0.5,1304,0,961
2023-03-14,Meerut,Maize,22.1,19.4,1.4,1323,0,975
2023-03-15,Meerut,Maize,22.0,19.5,0.0,1344,0,1010
2023-03-16,Meerut,Maize,22.2,19.5,1.3,1410,0,1062
2023-03-17,Meerut,Maize,22.6,20.0,0.9,1426,0,1050
2023-03-18,Meerut,Maize,22.6,20.1,0.0,1467,0,1087
2023-03-19,Meerut,Maize,22.7,20.0,0.0,1493,0,1100
2023-03-20,Meerut,Maize,23.0,20.1,0.0,1523,0,1133
2023-03-21,Meerut,Maize,23.1,20.4,0.0,1565,1,1262
2023-03-22,Rohtak,Maize,21.2,20.1,0.0,949,0,706
2023-03-23,Rohtak,Maize,21.4,20.1,0.0,954,0,720
2023-03-24,Rohtak,Maize,21.4,19.9,0.0,994,0,749
2023-03-25,Rohtak,Maize,21.9,20.5,0.0,1000,0,754
2023-03-26,Rohtak,Maize,21.7,20.5,0.0,1039,0,784
2023-03-27,Rohtak,Maize,22.2,20.9,0.0,1067,0,793
2023-03-28,Rohtak,Maize,22.2,20.8,0.0,1094,0,821
2023-03-29,Rohtak,Maize,22.4,20.9,0.0,1115,0,830
2023-03-30,Rohtak,Maize,22.3,20.8,0.0,1153,0,850
2023-03-31,Rohtak,Maize,22.7,21.4,0.0,1192,1,975
2023-04-01,Delhi,Maize,23.1,21.5,0.0,2433,0,1795
2023-04-02,Delhi,Maize,23.6,21.8,1.3,2487,0,1839
2023-04-03,Delhi,Maize,23.5,21.9,0.0,2499,0,1854
2023-04-04,Delhi,Maize,23.7,21.8,0.0,2564,0,1916
2023-04-05,Delhi,Maize,23.6,21.6,0.0,2620,0,1943
2023-04-06,Delhi,Maize,23.9,22.2,0.0,2669,0,1969
2023-04-07,Delhi,Maize,24.1,22.3,0.7,2709,0,2027
2023-04-08,Delhi,Maize,24.2,22.5,0.5,2761,0,2034
2023-04-09,Delhi,Maize,24.3,22.5,0.0,2809,0,2103
2023-04-10,Delhi,Maize,24.5,22.1,1.3,2863,1,2367
2023-04-11,Noida,Maize,22.8,23.1,0.0,1464,0,1087
2023-04-12,Noida,Maize,23.1,22.9,0.0,1489,0,1108
2023-04-13,Noida,Maize,23.5,23.4,0.0,1530,0,1128
2023-04-14,Noida,Maize,23.3,23.5,0.0,1558,0,1154
2023-04-15,Noida,Maize,23.3,23.4,0.0,1612,0,1189
2023-04-16,Noida,Maize,23.6,23.4,0.0,1668,0,1252
2023-04-17,Noida,Maize,23.8,23.5,0.0,1683,0,1252
2023-04-18,Noida,Maize,23.8,23.9,0.7,1735,0,1295
2023-04-19,Noida,Maize,24.0,23.7,0.5,1760,0,1300
2023-04-20,Noida,Maize,24.1,24.0,0.0,1789,1,1458
2023-04-21,Ghaziabad,Maize,22.6,24.2,0.0,1343,0,992
2023-04-22,Ghaziabad,Maize,22.9,24.4,0.0,1377,0,1028
2023-04-23,Ghaziabad,Maize,23.1,24.5,0.7,1399,0,1035
2023-04-24,Ghaziabad,Maize,23.0,23.9,1.1,1448,0,1069
2023-04-25,Ghaziabad,Maize,23.4,25.2,0.7,1453,0,1088
2023-04-26,Ghaziabad,Maize,23.7,24.9,0.0,1496,0,1112
2023-04-27,Ghaziabad,Maize,23.6,25.0,0.0,1535,0,1134
2023-04-28,Ghaziabad,Maize,23.9,25.0,1.3,1583,0,1168
2023-04-29,Ghaziabad,Maize,24.0,25.0,0.5,1609,0,1199
2023-04-30,Ghaziabad,Maize,24.1,25.4,0.0,1630,1,1345
2023-05-01,Gurugram,Maize,25.0,25.2,0.0,1214,0,904
2023-05-02,Gurugram,Maize,25.2,25.5,0.0,1253,0,935
2023-05-03,Gurugram,Maize,25.4,25.9,1.5,1296,0,956
2023-05-04,Gurugram,Maize,25.7,26.2,0.0,1324,0,997
2023-05-05,Gurugram,Maize,25.6,25.9,0.0,1352,0,995
2023-05-06,Gurugram,Maize,25.7,26.0,0.0,1383,0,1026
2023-05-07,Gurugram,Maize,26.1,26.5,0.6,1402,0,1048
2023-05-08,Gurugram,Maize,26.1,26.6,0.0,1418,0,1052
2023-05-09,Gurugram,Maize,26.1,26.2,0.0,1486,0,1110
2023-05-10,Gurugram,Maize,26.7,27.2,1.4,1499,1,1233
2023-05-11,Faridabad,Maize,23.5,26.8,1.0,1183,0,887
2023-05-12,Faridabad,Maize,23.8,27.3,0.0,1207,0,890
2023-05-13,Faridabad,Maize,23.7,27.0,0.0,1252,0,929
2023-05-14,Faridabad,Maize,23.7,27.1,0.0,1279,0,964
2023-05-15,Faridabad,Maize,23.8,27.0,0.0,1283,0,955
2023-05-16,Faridabad,Maize,24.3,27.3,0.5,1297,0,977
2023-05-17,Faridabad,Maize,24.4,27.7,0.0,1337,0,985
2023-05-18,Faridabad,Maize,24.4,27.3,0.0,1421,0,1046
2023-05-19,Faridabad,Maize,24.5,27.5,0.0,1428,0,1051
2023-05-20,Faridabad,Maize,24.8,27.7,0.0,1442,1,1189
2023-05-21,Sonipat,Maize,22.9,27.5,0.0,1018,0,751
2023-05-22,Sonipat,Maize,23.0,27.0,1.4,1077,0,797
2023-05-23,Sonipat,Maize,23.1,27.3,0.5,1128,0,830
2023-05-24,Sonipat,Maize,23.0,27.8,0.0,1144,0,841
2023-05-25,Sonipat,Maize,23.4,27.7,1.1,1162,0,860
2023-05-26,Sonipat,Maize,23.4,27.7,0.0,1194,0,887
2023-05-27,Sonipat,Maize,23.3,27.7,0.0,1227,0,924
2023-05-28,Sonipat,Maize,23.7,28.3,0.0,1233,0,916
2023-05-29,Sonipat,Maize,23.9,27.8,0.0,1283,0,954
2023-05-30,Sonipat,Maize,23.9,27.7,0.0,1316,1,1086
2023-05-31,Panipat,Maize,22.7,28.1,0.0,1012,0,749
2023-06-01,Panipat,Maize,22.9,28.4,1.4,1039,0,767
2023-06-02,Panipat,Maize,22.8,28.0,0.0,1072,0,792
2023-06-03,Panipat,Maize,23.1,28.5,0.5,1111,0,831
2023-06-04,Panipat,Maize,22.9,28.1,0.0,1102,0,823
2023-06-05,Panipat,Maize,23.1,28.6,0.0,1125,0,835
2023-06-06,Panipat,Maize,23.5,28.5,0.0,1182,0,891
2023-06-07,Panipat,Maize,23.3,28.7,0.0,1203,0,885
2023-06-08,Panipat,Maize,23.7,29.3,0.0,1221,0,899
2023-06-09,Panipat,Maize,23.7,29.0,0.0,1272,1,1038
2023-06-10,Meerut,Maize,23.9,29.5,0.0,1278,0,954
2023-06-11,Meerut,Maize,24.1,29.6,0.0,1301,0,970
2023-06-12,Meerut,Maize,24.4,29.6,0.0,1356,0,1020
2023-06-13,Meerut,Maize,24.4,29.8,0.0,1363,0,1029
2023-06-14,Meerut,Maize,24.5,29.8,1.0,1416,0,1067
2023-06-15,Meerut,Maize,24.7,29.9,0.0,1445,0,1087
2023-06-16,Meerut,Maize,24.7,29.7,0.0,1489,0,1101
2023-06-17,Meerut,Maize,25.1,29.8,0.4,1498,0,1123
2023-06-18,Meerut,Maize,25.0,29.9,0.0,1537,0,1149
2023-06-19,Meerut,Maize,25.3,30.2,0.0,1558,1,1255
2023-06-20,Rohtak,Maize,23.6,29.9,0.0,970,0,721
2023-06-21,Rohtak,Maize,23.6,29.8,0.0,994,0,750
2023-06-22,Rohtak,Maize,23.6,29.9,0.0,1027,0,757
2023-06-23,Rohtak,Maize,23.8,30.2,0.0,1023,0,757
2023-06-24,Rohtak,Maize,23.9,30.0,0.0,1065,0,803
2023-06-25,Rohtak,Maize,24.0,30.2,0.0,1086,0,817
2023-06-26,Rohtak,Maize,24.3,30.1,0.0,1122,0,836
2023-06-27,Rohtak,Maize,24.4,30.5,0.0,1134,0,838
2023-06-28,Rohtak,Maize,24.8,30.1,1.6,1181,0,884
2023-06-29,Rohtak,Maize,24.7,30.2,1.4,1184,1,969
2023-06-30,Delhi,Maize,25.3,30.8,1.4,2461,0,1853
2023-07-01,Delhi,Maize,25.2,30.5,0.0,2493,0,1865
2023-07-02,Delhi,Maize,25.2,30.4,0.0,2541,0,1904
2023-07-03,Delhi,Maize,25.5,30.5,0.0,2584,0,1943
2023-07-04,Delhi,Maize,25.4,29.9,0.0,2630,0,1969
2023-07-05,Delhi,Maize,25.7,30.9,0.0,2697,0,2025
2023-07-06,Delhi,Maize,26.0,30.9,0.0,2745,0,2056
2023-07-07,Delhi,Maize,26.1,30.8,0.0,2807,0,2072
2023-07-08,Delhi,Maize,26.1,30.6,0.0,2831,0,2128
2023-07-09,Delhi,Maize,26.2,30.7,0.0,2893,1,2375
2023-07-10,Noida,Maize,24.6,31.1,0.0,1475,0,1107
2023-07-11,Noida,Maize,24.7,31.0,0.0,1525,0,1140
2023-07-12,Noida,Maize,24.9,31.0,0.7,1567,0,1170
2023-07-13,Noida,Maize,25.0,31.0,0.0,1591,0,1197
2023-07-14,Noida,Maize,25.0,30.9,0.0,1637,0,1228
2023-07-15,Noida,Maize,25.1,30.6,0.0,1647,0,1243
2023-07-16,Noida,Maize,25.3,30.7,1.3,1676,0,1235
2023-07-17,Noida,Maize,25.5,31.1,0.0,1722,0,1298
2023-07-18,Noida,Maize,25.7,31.0,0.0,1759,0,1307
2023-07-19,Noida,Maize,25.7,30.8,0.0,1808,1,1496
2023-07-20,Ghaziabad,Maize,24.4,30.7,1.1,1355,0,1009
2023-07-21,Ghaziabad,Maize,24.3,30.8,0.0,1399,0,1050
2023-07-22,Ghaziabad,Maize,24.3,31.0,0.0,1433,0,1054
2023-07-23,Ghaziabad,Maize,24.6,30.9,0.0,1475,0,1098
2023-07-24,Ghaziabad,Maize,24.5,30.7,0.0,1514,0,1130
2023-07-25,Ghaziabad,Maize,24.9,30.8,0.0,1517,0,1129
2023-07-26,Ghaziabad,Maize,25.0,30.7,0.0,1528,0,1149
2023-07-27,Ghaziabad,Maize,24.9,30.6,0.0,1589,0,1171
2023-07-28,Ghaziabad,Maize,25.2,30.8,0.0,1607,0,1181
2023-07-29,Ghaziabad,Maize,25.3,31.1,0.0,1643,1,1337
2023-07-30,Gurugram,Maize,26.2,30.7,0.0,1242,0,918
2023-07-31,Gurugram,Maize,26.5,31.0,0.4,1293,0,951
2023-08-01,Gurugram,Maize,26.6,31.2,0.0,1310,0,972
2023-08-02,Gurugram,Maize,26.6,30.9,0.0,1352,0,1006
2023-08-03,Gurugram,Maize,26.6,30.8,0.0,1393,0,1048
2023-08-04,Gurugram,Maize,26.7,30.6,0.0,1403,0,1050
2023-08-05,Gurugram,Maize,27.0,31.3,0.0,1426,0,1054
2023-08-06,Gurugram,Maize,26.8,30.7,0.0,1454,0,1094
2023-08-07,Gurugram,Maize,27.0,30.8,0.0,1498,0,1131
2023-08-08,Gurugram,Maize,27.5,30.3,1.4,1499,1,1234
2023-08-09,Faridabad,Maize,24.2,30.7,0.0,1197,0,894
2023-08-10,Faridabad,Maize,24.2,30.3,0.0,1235,0,923
2023-08-11,Faridabad,Maize,24.5,30.3,0.0,1263,0,941
2023-08-12,Faridabad,Maize,24.7,30.3,0.0,1287,0,959
2023-08-13,Faridabad,Maize,24.8,30.5,0.8,1298,0,974
2023-08-14,Faridabad,Maize,25.1,30.5,1.6,1330,0,980
2023-08-15,Faridabad,Maize,24.9,30.2,0.0,1364,0,1009
2023-08-16,Faridabad,Maize,25.2,30.4,0.0,1399,0,1033
2023-08-17,Faridabad,Maize,25.2,30.0,0.0,1465,0,1102
2023-08-18,Faridabad,Maize,25.2,30.2,0.0,1466,1,1182
2023-08-19,Sonipat,Maize,23.3,29.4,0.5,1071,0,794
2023-08-20,Sonipat,Maize,23.3,29.2,0.0,1109,0,825
2023-08-21,Sonipat,Maize,23.3,28.7,0.0,1162,0,859
2023-08-22,Sonipat,Maize,23.6,28.9,0.0,1147,0,863
2023-08-23,Sonipat,Maize,23.6,29.1,0.0,1172,0,873
2023-08-24,Sonipat,Maize,23.8,29.0,0.0,1214,0,893
2023-08-25,Sonipat,Maize,23.8,28.9,0.0,1245,0,925
2023-08-26,Sonipat,Maize,23.7,28.5,0.0,1271,0,960
2023-08-27,Sonipat,Maize,24.2,28.9,0.0,1293,0,973
2023-08-28,Sonipat,Maize,24.0,28.7,0.0,1338,1,1104
2023-08-29,Panipat,Maize,22.6,28.6,0.0,1040,0,776
2023-08-30,Panipat,Maize,22.6,28.4,0.7,1043,0,781
2023-08-31,Panipat,Maize,22.6,28.0,0.0,1059,0,780
2023-09-01,Panipat,Maize,23.0,28.0,0.0,1124,0,837
2023-09-02,Panipat,Maize,22.9,28.3,0.0,1133,0,840
2023-09-03,Panipat,Maize,22.9,28.0,0.0,1181,0,881
2023-09-04,Panipat,Maize,23.2,28.1,0.0,1196,0,901
2023-09-05,Panipat,Maize,23.4,27.9,1.5,1207,0,899
2023-09-06,Panipat,Maize,23.3,27.5,0.0,1230,0,912
2023-09-07,Panipat,Maize,23.6,27.9,0.0,1256,1,1024
2023-09-08,Meerut,Maize,23.6,27.9,0.0,1303,0,976
2023-09-09,Meerut,Maize,23.8,27.5,1.0,1353,0,1009
2023-09-10,Meerut,Maize,23.9,27.7,0.0,1364,0,1027
2023-09-11,Meerut,Maize,23.8,27.6,0.0,1407,0,1046
2023-09-12,Meerut,Maize,24.0,27.2,0.0,1425,0,1059
2023-09-13,Meerut,Maize,24.0,27.2,0.0,1468,0,1092
2023-09-14,Meerut,Maize,24.1,27.0,0.0,1502,0,1107
2023-09-15,Meerut,Maize,24.7,27.2,1.1,1542,0,1141
2023-09-16,Meerut,Maize,24.4,27.3,0.0,1542,0,1147
2023-09-17,Meerut,Maize,24.7,27.2,0.0,1601,1,1300
2023-09-18,Rohtak,Maize,22.7,26.4,0.0,968,0,713
2023-09-19,Rohtak,Maize,22.6,26.3,0.0,1006,0,757
2023-09-20,Rohtak,Maize,23.1,26.5,0.0,1055,0,796
2023-09-21,Rohtak,Maize,23.0,26.0,0.0,1075,0,800
2023-09-22,Rohtak,Maize,23.2,26.2,0.0,1073,0,793
2023-09-23,Rohtak,Maize,23.1,25.8,0.0,1106,0,830
2023-09-24,Rohtak,Maize,23.3,26.2,0.0,1119,0,845
2023-09-25,Rohtak,Maize,23.4,25.7,0.0,1175,0,876
2023-09-26,Rohtak,Maize,23.5,25.5,0.0,1189,0,893
2023-09-27,Rohtak,Maize,23.4,25.5,0.0,1203,1,971
2023-09-28,Delhi,Maize,23.9,25.6,0.0,2467,0,1843
2023-09-29,Delhi,Maize,24.1,25.1,0.0,2509,0,1894
2023-09-30,Delhi,Maize,24.2,25.3,0.0,2565,0,1905
2023-10-01,Delhi,Maize,24.3,25.2,0.0,2613,0,1962
2023-10-02,Delhi,Maize,24.4,25.0,0.0,2657,0,1971
2023-10-03,Delhi,Maize,24.5,24.8,0.0,2723,0,2009
2023-10-04,Delhi,Maize,24.7,25.4,0.0,2757,0,2048
2023-10-05,Delhi,Maize,24.7,24.5,0.8,2817,0,2095
2023-10-06,Delhi,Maize,24.8,24.6,0.0,2837,0,2097
2023-10-07,Delhi,Maize,24.9,24.4,0.0,2899,1,2338
2023-10-08,Noida,Maize,23.4,24.5,1.6,1529,0,1154
2023-10-09,Noida,Maize,23.2,24.4,0.0,1539,0,1152
2023-10-10,Noida,Maize,23.4,24.3,0.0,1573,0,1166
2023-10-11,Noida,Maize,23.6,24.4,0.0,1586,0,1170
2023-10-12,Noida,Maize,23.8,24.1,0.8,1664,0,1247
2023-10-13,Noida,Maize,23.6,23.9,0.0,1687,0,1256
2023-10-14,Noida,Maize,23.6,23.7,0.0,1727,0,1288
2023-10-15,Noida,Maize,23.8,23.7,0.0,1743,0,1292
2023-10-16,Noida,Maize,23.8,23.5,0.0,1813,0,1361
2023-10-17,Noida,Maize,23.8,23.0,0.0,1842,1,1503
2023-10-18,Ghaziabad,Maize,22.9,23.3,1.5,1377,0,1030
2023-10-19,Ghaziabad,Maize,22.7,23.0,0.0,1431,0,1054
2023-10-20,Ghaziabad,Maize,22.8,22.7,0.0,1448,0,1065
2023-10-21,Ghaziabad,Maize,23.1,22.9,1.2,1470,0,1089
2023-10-22,Ghaziabad,Maize,22.9,22.9,0.0,1504,0,1108
2023-10-23,Ghaziabad,Maize,23.0,22.5,0.0,1535,0,1129
2023-10-24,Ghaziabad,Maize,23.0,22.7,0.0,1568,0,1156
2023-10-25,Ghaziabad,Maize,23.2,22.2,0.0,1617,0,1206
2023-10-26,Ghaziabad,Maize,23.3,22.1,0.0,1652,0,1239
2023-10-27,Ghaziabad,Maize,23.4,22.4,0.0,1663,1,1353
2023-10-28,Gurugram,Maize,24.3,21.9,0.0,1242,0,919
2023-10-29,Gurugram,Maize,24.5,22.1,0.6,1299,0,962
2023-10-30,Gurugram,Maize,24.4,22.0,0.0,1329,0,997
2023-10-31,Gurugram,Maize,24.6,21.8,0.0,1362,0,1022
2023-11-01,Gurugram,Maize,24.6,21.4,0.0,1392,0,1046
2023-11-02,Gurugram,Maize,24.7,21.4,0.0,1431,0,1073
2023-11-03,Gurugram,Maize,25.0,21.9,0.0,1460,0,1093
2023-11-04,Gurugram,Maize,24.9,20.9,0.0,1493,0,1102
2023-11-05,Gurugram,Maize,25.0,21.1,0.0,1507,0,1132
2023-11-06,Gurugram,Maize,25.1,20.9,0.0,1558,1,1278
2023-11-07,Faridabad,Maize,22.1,20.8,0.0,1204,0,903
2023-11-08,Faridabad,Maize,22.3,20.8,1.3,1231,0,908
2023-11-09,Faridabad,Maize,22.3,20.8,0.0,1274,0,955
2023-11-10,Faridabad,Maize,22.5,20.2,0.0,1288,0,957
2023-11-11,Faridabad,Maize,22.5,20.2,0.0,1354,0,1008
2023-11-12,Faridabad,Maize,22.6,20.2,0.0,1370,0,1022
2023-11-13,Faridabad,Maize,22.8,20.7,0.0,1414,0,1063
2023-11-14,Faridabad,Maize,22.8,20.3,0.0,1443,0,1081
2023-11-15,Faridabad,Maize,22.9,20.0,0.0,1477,0,1098
2023-11-16,Faridabad,Maize,23.1,19.7,0.6,1508,1,1252
2023-11-17,Sonipat,Maize,21.0,19.2,0.0,1097,0,809
2023-11-18,Sonipat,Maize,21.1,19.2,0.0,1114,0,832
2023-11-19,Sonipat,Maize,21.0,18.7,0.0,1151,0,853
2023-11-20,Sonipat,Maize,21.0,18.5,0.0,1169,0,880
2023-11-21,Sonipat,Maize,21.2,18.7,0.0,1208,0,891
2023-11-22,Sonipat,Maize,21.4,18.1,1.2,1197,0,897
2023-11-23,Sonipat,Maize,21.5,18.5,0.0,1265,0,946
2023-11-24,Sonipat,Maize,21.5,18.4,0.0,1276,0,944
2023-11-25,Sonipat,Maize,21.6,18.3,0.0,1320,0,991
2023-11-26,Sonipat,Maize,22.1,18.6,0.9,1315,1,1070
2023-11-27,Panipat,Maize,20.1,18.1,0.0,1053,0,789
2023-11-28,Panipat,Maize,20.2,17.9,0.0,1088,0,804
2023-11-29,Panipat,Maize,20.2,17.6,0.0,1134,0,836
2023-11-30,Panipat,Maize,20.6,18.0,0.6,1138,0,849
2023-12-01,Panipat,Maize,20.6,17.5,0.0,1158,0,868
2023-12-02,Panipat,Maize,20.7,17.7,0.0,1182,0,880
2023-12-03,Panipat,Maize,21.0,17.6,0.0,1220,0,910
2023-12-04,Panipat,Maize,21.2,17.2,1.0,1233,0,908
2023-12-05,Panipat,Maize,21.0,17.2,0.0,1269,0,952
2023-12-06,Panipat,Maize,21.1,17.1,0.0,1292,1,1068
2023-12-07,Meerut,Maize,21.4,17.5,0.0,1330,0,992
2023-12-08,Meerut,Maize,21.4,17.5,0.0,1360,0,1022
2023-12-09,Meerut,Maize,21.6,17.7,0.0,1382,0,1024
2023-12-10,Meerut,Maize,21.7,17.1,0.0,1443,0,1084
2023-12-11,Meerut,Maize,21.9,17.5,0.0,1451,0,1090
2023-12-12,Meerut,Maize,21.8,17.1,0.0,1481,0,1094
2023-12-13,Meerut,Maize,22.0,17.2,0.9,1527,0,1149
2023-12-14,Meerut,Maize,22.1,17.1,0.0,1556,0,1157
2023-12-15,Meerut,Maize,22.0,16.8,0.0,1587,0,1167
2023-12-16,Meerut,Maize,22.3,16.9,0.0,1636,1,1353
2023-12-17,Rohtak,Maize,20.8,16.7,1.4,992,0,743
2023-12-18,Rohtak,Maize,20.7,16.9,0.0,1039,0,773
2023-12-19,Rohtak,Maize,20.7,16.6,0.0,1022,0,766
2023-12-20,Rohtak,Maize,20.8,16.4,0.0,1072,0,791
2023-12-21,Rohtak,Maize,21.1,16.3,0.0,1077,0,799
2023-12-22,Rohtak,Maize,21.2,16.7,0.0,1132,0,846
2023-12-23,Rohtak,Maize,21.2,16.4,0.0,1144,0,845
2023-12-24,Rohtak,Maize,21.3,16.4,0.0,1187,0,879
2023-12-25,Rohtak,Maize,21.4,16.6,0.0,1218,0,896
2023-12-26,Rohtak,Maize,21.5,16.1,0.0,1239,1,1024
2023-12-27,Delhi,Maize,22.1,16.5,0.0,2487,0,1861
2023-12-28,Delhi,Maize,22.0,16.3,0.0,2527,0,1881
2023-12-29,Delhi,Maize,22.2,16.3,0.0,2592,0,1943
2023-12-30,Delhi,Maize,22.3,16.3,0.0,2638,0,1954
2023-12-31,Delhi,Maize,22.4,16.3,0.0,2683,0,2017
2024-01-01,Delhi,Maize,22.8,16.4,0.0,2734,0,2015
2024-01-02,Delhi,Maize,22.5,15.8,0.0,2776,0,2082
2024-01-03,Delhi,Maize,23.0,15.9,1.5,2835,0,2117
2024-01-04,Delhi,Maize,22.9,16.1,0.0,2878,0,2173
2024-01-05,Delhi,Maize,23.0,16.0,0.0,2922,1,2413
2024-01-06,Noida,Maize,21.6,16.1,1.5,1534,0,1154
2024-01-07,Noida,Maize,21.6,16.4,0.0,1534,0,1137
2024-01-08,Noida,Maize,21.6,16.5,0.0,1597,0,1193
2024-01-09,Noida,Maize,21.8,16.4,0.0,1656,0,1225
2024-01-10,Noida,Maize,22.0,16.0,0.0,1672,0,1261
2024-01-11,Noida,Maize,22.1,16.2,0.0,1708,0,1277
2024-01-12,Noida,Maize,22.0,16.2,0.0,1740,0,1284
2024-01-13,Noida,Maize,22.2,16.2,0.0,1761,0,1316
2024-01-14,Noida,Maize,22.2,16.0,0.0,1805,0,1356
2024-01-15,Noida,Maize,22.4,16.0,0.0,1825,1,1512
2024-01-16,Ghaziabad,Maize,20.8,15.9,0.0,1401,0,1044
2024-01-17,Ghaziabad,Maize,21.0,15.9,0.0,1458,0,1101
2024-01-18,Ghaziabad,Maize,21.0,16.0,0.0,1460,0,1100
2024-01-19,Ghaziabad,Maize,21.3,15.8,0.0,1481,0,1113
2024-01-20,Ghaziabad,Maize,21.4,16.2,0.0,1525,0,1135
2024-01-21,Ghaziabad,Maize,21.4,16.0,0.0,1562,0,1172
2024-01-22,Ghaziabad,Maize,21.6,16.3,0.0,1594,0,1191
2024-01-23,Ghaziabad,Maize,22.1,16.5,1.1,1631,0,1227
2024-01-24,Ghaziabad,Maize,21.9,16.1,0.0,1665,0,1229
2024-01-25,Ghaziabad,Maize,21.9,16.1,0.8,1692,1,1386
2024-01-26,Gurugram,Maize,23.0,16.0,0.0,1294,0,969
2024-01-27,Gurugram,Maize,23.2,16.5,0.0,1301,0,964
2024-01-28,Gurugram,Maize,23.3,16.4,0.0,1363,0,1027
2024-01-29,Gurugram,Maize,23.2,16.6,0.0,1385,0,1028
2024-01-30,Gurugram,Maize,23.5,16.9,0.0,1416,0,1053
2024-01-31,Gurugram,Maize,23.8,16.5,1.5,1425,0,1048
2024-02-01,Gurugram,Maize,23.8,16.9,0.0,1483,0,1099
2024-02-02,Gurugram,Maize,24.0,16.5,0.0,1477,0,1092
2024-02-03,Gurugram,Maize,24.0,16.7,0.0,1530,0,1125
2024-02-04,Gurugram,Maize,24.1,16.5,0.0,1556,1,1254
2024-02-05,Faridabad,Maize,21.3,16.8,0.3,1233,0,913
2024-02-06,Faridabad,Maize,21.4,17.1,0.0,1276,0,953
2024-02-07,Faridabad,Maize,21.4,16.6,0.0,1280,0,955
2024-02-08,Faridabad,Maize,21.7,17.0,0.0,1336,0,994
2024-02-09,Faridabad,Maize,21.7,16.8,0.4,1348,0,1017
2024-02-10,Faridabad,Maize,21.7,16.9,0.0,1400,0,1033
2024-02-11,Faridabad,Maize,22.2,17.5,0.0,1408,0,1051
2024-02-12,Faridabad,Maize,22.1,17.3,0.0,1444,0,1062
2024-02-13,Faridabad,Maize,22.5,17.7,0.0,1461,0,1099
2024-02-14,Faridabad,Maize,22.7,17.6,1.3,1513,1,1228
2024-02-15,Sonipat,Maize,20.5,16.7,0.0,1096,0,818
2024-02-16,Sonipat,Maize,20.4,16.8,0.0,1127,0,846
2024-02-17,Sonipat,Maize,20.7,16.9,0.0,1137,0,858
2024-02-18,Sonipat,Maize,20.8,17.0,0.0,1201,0,897
2024-02-19,Sonipat,Maize,21.0,17.2,0.0,1220,0,912
2024-02-20,Sonipat,Maize,20.9,16.5,0.0,1251,0,937
2024-02-21,Sonipat,Maize,21.4,17.3,0.7,1292,0,957
2024-02-22,Sonipat,Maize,21.4,17.1,0.0,1301,0,957
2024-02-23,Sonipat,Maize,21.5,17.5,0.0,1342,0,1007
2024-02-24,Sonipat,Maize,21.6,17.3,0.0,1371,1,1125
2024-02-25,Panipat,Maize,20.2,17.4,0.8,1061,0,787
2024-02-26,Panipat,Maize,20.5,17.4,1.4,1098,0,814
2024-02-27,Panipat,Maize,20.4,17.5,0.0,1115,0,821
2024-02-28,Panipat,Maize,20.4,17.6,0.0,1139,0,844
2024-02-29,Panipat,Maize,20.5,17.9,0.0,1174,0,878
2024-03-01,Panipat,Maize,20.9,17.8,0.0,1183,0,885
2024-03-02,Panipat,Maize,20.7,17.3,0.0,1231,0,922
2024-03-03,Panipat,Maize,21.1,18.0,0.0,1266,0,951
2024-03-04,Panipat,Maize,21.4,18.3,1.3,1315,0,974
2024-03-05,Panipat,Maize,21.4,17.8,1.1,1300,1,1055
2024-03-06,Meerut,Maize,21.5,18.6,0.0,1346,0,992
2024-03-07,Meerut,Maize,21.7,19.0,0.0,1385,0,1027
2024-03-08,Meerut,Maize,21.9,18.9,0.0,1411,0,1064
2024-03-09,Meerut,Maize,22.2,19.1,1.2,1411,0,1055
2024-03-10,Meerut,Maize,22.2,19.2,0.0,1463,0,1084
2024-03-11,Meerut,Maize,22.5,19.2,1.3,1500,0,1113
2024-03-12,Meerut,Maize,22.3,19.3,0.0,1545,0,1147
2024-03-13,Meerut,Maize,22.6,19.4,0.0,1584,0,1191
2024-03-14,Meerut,Maize,22.7,19.6,0.0,1588,0,1189
2024-03-15,Meerut,Maize,22.9,19.7,0.0,1625,1,1335
2024-03-16,Rohtak,Maize,21.3,19.3,0.0,1030,0,761
2024-03-17,Rohtak,Maize,21.1,19.5,0.0,1032,0,760
2024-03-18,Rohtak,Maize,21.3,19.7,0.0,1057,0,777
2024-03-19,Rohtak,Maize,21.6,19.6,0.8,1064,0,793
2024-03-20,Rohtak,Maize,21.8,20.0,0.0,1121,0,839
2024-03-21,Rohtak,Maize,22.0,20.2,0.0,1156,0,862
2024-03-22,Rohtak,Maize,22.1,20.2,0.0,1176,0,873
2024-03-23,Rohtak,Maize,22.3,20.6,0.0,1202,0,904
2024-03-24,Rohtak,Maize,22.2,20.6,0.0,1234,0,909
2024-03-25,Rohtak,Maize,22.3,20.4,0.0,1251,1,1030
2024-03-26,Delhi,Maize,22.9,20.7,0.0,2498,0,1884
2024-03-27,Delhi,Maize,23.2,21.0,0.8,2541,0,1875
2024-03-28,Delhi,Maize,23.4,21.4,0.0,2606,0,1949
2024-03-29,Delhi,Maize,23.5,21.2,0.0,2635,0,1955
2024-03-30,Delhi,Maize,23.6,21.3,0.0,2705,0,1992
2024-03-31,Delhi,Maize,24.0,21.6,0.3,2740,0,2021
2024-04-01,Delhi,Maize,24.1,21.6,0.0,2807,0,2067
2024-04-02,Delhi,Maize,24.1,21.7,0.0,2848,0,2124
2024-04-03,Delhi,Maize,24.3,21.7,0.9,2899,0,2145
2024-04-04,Delhi,Maize,24.4,22.1,0.0,2951,1,2395
2024-04-05,Noida,Maize,23.0,22.7,1.1,1534,0,1151
2024-04-06,Noida,Maize,23.0,22.4,0.9,1574,0,1177
2024-04-07,Noida,Maize,22.9,22.4,0.0,1627,0,1196
2024-04-08,Noida,Maize,23.4,23.0,0.8,1641,0,1217
2024-04-09,Noida,Maize,23.4,22.9,0.9,1700,0,1272
2024-04-10,Noida,Maize,23.5,22.8,0.7,1736,0,1310
2024-04-11,Noida,Maize,23.3,22.8,0.0,1743,0,1309
2024-04-12,Noida,Maize,23.9,23.4,0.0,1774,0,1327
2024-04-13,Noida,Maize,23.8,23.2,0.0,1825,0,1349
2024-04-14,Noida,Maize,24.0,23.2,0.3,1870,1,1519
2024-04-15,Ghaziabad,Maize,22.6,23.5,0.0,1430,0,1073
2024-04-16,Ghaziabad,Maize,22.8,24.1,0.0,1464,0,1104
2024-04-17,Ghaziabad,Maize,22.8,23.7,0.0,1498,0,1107
2024-04-18,Ghaziabad,Maize,22.7,23.2,0.0,1513,0,1138
2024-04-19,Ghaziabad,Maize,23.0,23.5,0.0,1554,0,1164
2024-04-20,Ghaziabad,Maize,23.4,24.3,0.0,1573,0,1184
2024-04-21,Ghaziabad,Maize,23.4,23.9,0.0,1620,0,1192
2024-04-22,Ghaziabad,Maize,23.4,23.8,0.0,1640,0,1215
2024-04-23,Ghaziabad,Maize,23.7,24.6,0.0,1667,0,1235
2024-04-24,Ghaziabad,Maize,24.0,24.8,0.0,1723,1,1395
2024-04-25,Gurugram,Maize,25.0,25.1,0.0,1302,0,974
2024-04-26,Gurugram,Maize,25.1,24.7,1.0,1325,0,995
2024-04-27,Gurugram,Maize,25.1,25.3,0.6,1367,0,1024
2024-04-28,Gurugram,Maize,25.3,25.5,0.0,1396,0,1040
2024-04-29,Gurugram,Maize,25.6,25.6,0.0,1424,0,1060
2024-04-30,Gurugram,Maize,25.7,25.8,0.0,1469,0,1105
2024-05-01,Gurugram,Maize,25.9,25.8,0.7,1479,0,1109
2024-05-02,Gurugram,Maize,26.0,26.0,0.0,1517,0,1127
2024-05-03,Gurugram,Maize,26.0,26.0,0.0,1540,0,1158
2024-05-04,Gurugram,Maize,26.4,26.0,1.2,1576,1,1278
2024-05-05,Faridabad,Maize,23.5,26.3,0.0,1264,0,951
2024-05-06,Faridabad,Maize,23.8,26.3,1.3,1262,0,931
2024-05-07,Faridabad,Maize,23.7,26.2,0.0,1306,0,966
2024-05-08,Faridabad,Maize,23.8,26.6,0.0,1363,0,1027
2024-05-09,Faridabad,Maize,23.8,26.7,0.0,1371,0,1025
2024-05-10,Faridabad,Maize,24.2,26.5,0.0,1401,0,1032
2024-05-11,Faridabad,Maize,24.1,26.7,0.0,1450,0,1067
2024-05-12,Faridabad,Maize,24.5,27.2,0.0,1471,0,1101
2024-05-13,Faridabad,Maize,24.4,26.9,0.0,1505,0,1115
2024-05-14,Faridabad,Maize,24.7,27.3,0.0,1533,1,1237
2024-05-15,Sonipat,Maize,22.5,26.5,0.0,1130,0,847
2024-05-16,Sonipat,Maize,22.6,26.7,0.0,1136,0,844
2024-05-17,Sonipat,Maize,22.7,26.8,0.0,1178,0,881
2024-05-18,Sonipat,Maize,23.0,26.9,0.0,1205,0,887
2024-05-19,Sonipat,Maize,23.4,27.1,1.1,1245,0,922
2024-05-20,Sonipat,Maize,23.4,27.5,1.6,1280,0,959
2024-05-21,Sonipat,Maize,23.5,27.1,0.0,1310,0,988
2024-05-22,Sonipat,Maize,23.7,27.5,0.5,1324,0,989
2024-05-23,Sonipat,Maize,23.8,27.8,0.0,1369,0,1013
2024-05-24,Sonipat,Maize,23.9,27.6,0.0,1382,1,1142
2024-05-25,Panipat,Maize,22.3,27.8,0.0,1079,0,809
2024-05-26,Panipat,Maize,22.5,27.7,0.0,1099,0,817
2024-05-27,Panipat,Maize,22.8,28.2,0.0,1161,0,855
2024-05-28,Panipat,Maize,22.9,27.8,1.4,1161,0,860
2024-05-29,Panipat,Maize,22.9,28.4,0.0,1193,0,900
2024-05-30,Panipat,Maize,23.1,28.2,0.0,1229,0,926
2024-05-31,Panipat,Maize,23.2,28.0,0.0,1252,0,933
2024-06-01,Panipat,Maize,23.6,28.5,0.8,1277,0,952
2024-06-02,Panipat,Maize,23.6,28.3,0.0,1285,0,956
2024-06-03,Panipat,Maize,23.6,28.6,0.0,1338,1,1091
2024-06-04,Meerut,Maize,23.9,29.4,0.0,1355,0,997
2024-06-05,Meerut,Maize,23.9,28.7,0.0,1388,0,1034
2024-06-06,Meerut,Maize,24.1,29.1,0.0,1446,0,1067
2024-06-07,Meerut,Maize,24.3,29.1,0.5,1470,0,1104
2024-06-08,Meerut,Maize,24.3,29.2,0.0,1497,0,1116
2024-06-09,Meerut,Maize,24.4,29.2,0.0,1509,0,1134
2024-06-10,Meerut,Maize,24.6,29.3,0.0,1569,0,1164
2024-06-11,Meerut,Maize,24.7,29.6,0.0,1587,0,1184
2024-06-12,Meerut,Maize,25.0,29.3,0.0,1622,0,1220
2024-06-13,Meerut,Maize,25.0,29.8,0.0,1679,1,1358
2024-06-14,Rohtak,Maize,23.3,29.3,0.0,1043,0,770
2024-06-15,Rohtak,Maize,23.8,29.5,1.2,1064,0,785
2024-06-16,Rohtak,Maize,23.9,29.5,0.6,1073,0,794
2024-06-17,Rohtak,Maize,23.8,29.8,0.8,1106,0,834
2024-06-18,Rohtak,Maize,24.1,30.0,0.0,1166,0,873
2024-06-19,Rohtak,Maize,23.8,29.4,0.0,1167,0,867
2024-06-20,Rohtak,Maize,24.2,30.0,0.0,1205,0,888
2024-06-21,Rohtak,Maize,24.2,29.8,0.0,1225,0,905
2024-06-22,Rohtak,Maize,24.2,30.2,0.0,1243,0,914
2024-06-23,Rohtak,Maize,24.5,30.1,0.0,1272,1,1042
2024-06-24,Delhi,Maize,25.2,30.6,0.0,2530,0,1901
2024-06-25,Delhi,Maize,25.2,30.4,0.0,2543,0,1909
2024-06-26,Delhi,Maize,25.2,30.1,0.0,2616,0,1927
2024-06-27,Delhi,Maize,25.6,30.6,0.0,2666,0,1988
2024-06-28,Delhi,Maize,25.5,30.3,0.0,2722,0,2055
2024-06-29,Delhi,Maize,25.7,30.8,0.0,2756,0,2045
2024-06-30,Delhi,Maize,26.0,30.4,0.0,2817,0,2107
2024-07-01,Delhi,Maize,26.1,30.5,0.0,2867,0,2108
2024-07-02,Delhi,Maize,26.2,30.7,0.0,2928,0,2196
2024-07-03,Delhi,Maize,26.2,30.7,0.0,2957,1,2430
2024-07-04,Noida,Maize,24.7,31.1,0.6,1579,0,1189
2024-07-05,Noida,Maize,24.8,31.0,0.0,1626,0,1224
2024-07-06,Noida,Maize,24.9,31.3,0.9,1654,0,1222
2024-07-07,Noida,Maize,24.9,31.1,0.0,1667,0,1239
2024-07-08,Noida,Maize,25.0,30.9,0.4,1722,0,1294
2024-07-09,Noida,Maize,25.4,31.3,0.0,1739,0,1302
2024-07-10,Noida,Maize,25.2,31.0,0.0,1781,0,1316
2024-07-11,Noida,Maize,25.3,30.8,0.0,1823,0,1350
2024-07-12,Noida,Maize,25.5,31.2,0.0,1859,0,1370
2024-07-13,Noida,Maize,25.5,31.1,0.0,1875,1,1511
2024-07-14,Ghaziabad,Maize,24.2,30.8,0.0,1449,0,1074
2024-07-15,Ghaziabad,Maize,24.3,30.8,0.0,1471,0,1108
2024-07-16,Ghaziabad,Maize,24.5,30.8,0.0,1515,0,1140
2024-07-17,Ghaziabad,Maize,24.5,31.0,0.0,1527,0,1123
2024-07-18,Ghaziabad,Maize,24.8,31.1,0.0,1564,0,1157
2024-07-19,Ghaziabad,Maize,25.0,30.6,1.3,1620,0,1192
2024-07-20,Ghaziabad,Maize,25.0,31.0,0.0,1649,0,1231
2024-07-21,Ghaziabad,Maize,25.0,30.9,0.0,1689,0,1255
2024-07-22,Ghaziabad,Maize,25.1,31.0,0.0,1684,0,1256
2024-07-23,Ghaziabad,Maize,25.3,31.0,0.0,1746,1,1437
2024-07-24,Gurugram,Maize,26.3,30.9,0.0,1326,0,985
2024-07-25,Gurugram,Maize,26.2,31.2,0.0,1355,0,1015
2024-07-26,Gurugram,Maize,26.5,31.2,0.0,1401,0,1047
2024-07-27,Gurugram,Maize,26.6,30.8,1.2,1439,0,1082
2024-07-28,Gurugram,Maize,26.7,31.0,0.0,1462,0,1103
2024-07-29,Gurugram,Maize,26.8,31.0,0.0,1446,0,1067
2024-07-30,Gurugram,Maize,27.0,30.5,0.0,1513,0,1123
2024-07-31,Gurugram,Maize,27.1,31.2,0.3,1527,0,1141
2024-08-01,Gurugram,Maize,27.1,30.6,0.0,1574,0,1180
2024-08-02,Gurugram,Maize,27.2,30.8,0.0,1600,1,1307
2024-08-03,Faridabad,Maize,24.3,30.6,0.0,1275,0,961
2024-08-04,Faridabad,Maize,24.4,30.7,0.8,1305,0,966
2024-08-05,Faridabad,Maize,24.4,30.3,0.0,1332,0,985
2024-08-06,Faridabad,Maize,24.6,30.4,0.6,1384,0,1019
2024-08-07,Faridabad,Maize,24.9,30.7,0.7,1391,0,1031
2024-08-08,Faridabad,Maize,24.9,30.3,0.0,1424,0,1063
2024-08-09,Faridabad,Maize,24.9,30.2,0.0,1459,0,1075
2024-08-10,Faridabad,Maize,25.0,30.0,0.0,1500,0,1104
2024-08-11,Faridabad,Maize,25.3,30.1,0.0,1491,0,1119
2024-08-12,Faridabad,Maize,25.2,30.4,0.0,1554,1,1284
2024-08-13,Sonipat,Maize,23.1,29.4,0.0,1143,0,851
2024-08-14,Sonipat,Maize,23.3,29.9,0.0,1189,0,884
2024-08-15,Sonipat,Maize,23.4,29.4,0.0,1182,0,891
2024-08-16,Sonipat,Maize,23.9,29.4,1.0,1230,0,920
2024-08-17,Sonipat,Maize,23.5,29.4,0.0,1244,0,929
2024-08-18,Sonipat,Maize,23.8,29.4,0.7,1283,0,964
2024-08-19,Sonipat,Maize,23.7,29.3,0.0,1316,0,977
2024-08-20,Sonipat,Maize,23.9,29.2,0.0,1338,0,998
2024-08-21,Sonipat,Maize,24.2,29.2,1.2,1381,0,1039
2024-08-22,Sonipat,Maize,24.2,28.9,0.0,1407,1,1155
2024-08-23,Panipat,Maize,22.5,28.7,0.0,1117,0,832
2024-08-24,Panipat,Maize,22.6,28.7,0.0,1130,0,851
2024-08-25,Panipat,Maize,22.7,28.2,0.0,1138,0,846
2024-08-26,Panipat,Maize,22.8,28.3,0.0,1204,0,889
2024-08-27,Panipat,Maize,23.0,28.5,0.0,1191,0,887
2024-08-28,Panipat,Maize,23.4,28.6,0.3,1218,0,916
2024-08-29,Panipat,Maize,23.4,28.0,1.2,1265,0,937
2024-08-30,Panipat,Maize,23.5,28.1,0.8,1290,0,968
2024-08-31,Panipat,Maize,23.5,28.2,0.0,1316,0,992
2024-09-01,Panipat,Maize,23.7,28.4,0.0,1349,1,1112
2024-09-02,Meerut,Maize,23.9,28.2,1.5,1369,0,1013
2024-09-03,Meerut,Maize,23.9,28.3,0.0,1402,0,1054
2024-09-04,Meerut,Maize,24.0,28.0,0.0,1460,0,1091
2024-09-05,Meerut,Maize,23.9,28.3,0.0,1467,0,1081
2024-09-06,Meerut,Maize,24.0,27.7,0.0,1508,0,1136
2024-09-07,Meerut,Maize,24.1,27.6,0.4,1549,0,1143
2024-09-08,Meerut,Maize,24.3,27.8,0.0,1583,0,1184
2024-09-09,Meerut,Maize,24.5,27.3,0.0,1615,0,1216
2024-09-10,Meerut,Maize,24.6,27.7,0.3,1650,0,1226
2024-09-11,Meerut,Maize,24.6,27.2,0.0,1670,1,1373
2024-09-12,Rohtak,Maize,23.0,27.0,0.7,1049,0,774
2024-09-13,Rohtak,Maize,23.0,27.0,0.0,1060,0,790
2024-09-14,Rohtak,Maize,23.2,27.1,0.0,1089,0,808
2024-09-15,Rohtak,Maize,23.2,26.8,0.0,1141,0,857
2024-09-16,Rohtak,Maize,23.2,27.1,0.0,1170,0,860
2024-09-17,Rohtak,Maize,23.3,26.4,0.0,1186,0,885
2024-09-18,Rohtak,Maize,23.5,26.3,0.0,1212,0,892
2024-09-19,Rohtak,Maize,23.6,26.5,0.0,1228,0,907
2024-09-20,Rohtak,Maize,23.3,25.9,0.0,1273,0,937
2024-09-21,Rohtak,Maize,23.8,26.0,1.2,1274,1,1045
2024-09-22,Delhi,Maize,24.2,26.3,0.0,2520,0,1876
2024-09-23,Delhi,Maize,24.2,26.2,0.0,2602,0,1930
2024-09-24,Delhi,Maize,24.2,25.7,0.0,2605,0,1957
2024-09-25,Delhi,Maize,24.1,25.6,0.0,2679,0,1985
2024-09-26,Delhi,Maize,24.5,25.8,0.0,2744,0,2039
2024-09-27,Delhi,Maize,24.8,25.5,1.2,2790,0,2091
2024-09-28,Delhi,Maize,24.9,25.5,1.1,2831,0,2085
2024-09-29,Delhi,Maize,24.9,25.5,0.0,2863,0,2152
2024-09-30,Delhi,Maize,24.9,25.3,0.0,2954,0,2192
2024-10-01,Delhi,Maize,25.1,25.1,0.0,3004,1,2423
2024-10-02,Noida,Maize,23.5,25.0,1.4,1586,0,1171
2024-10-03,Noida,Maize,23.4,25.0,0.0,1607,0,1197
2024-10-04,Noida,Maize,23.5,25.0,0.0,1658,0,1240
2024-10-05,Noida,Maize,23.8,25.0,0.0,1698,0,1271
2024-10-06,Noida,Maize,23.8,25.0,0.0,1725,0,1287
2024-10-07,Noida,Maize,23.7,24.5,0.0,1743,0,1313
2024-10-08,Noida,Maize,23.7,24.6,0.0,1796,0,1341
2024-10-09,Noida,Maize,24.0,24.4,0.0,1836,0,1376
2024-10-10,Noida,Maize,24.1,24.5,0.0,1858,0,1395
2024-10-11,Noida,Maize,24.3,24.2,0.0,1927,1,1584
2024-10-12,Ghaziabad,Maize,22.7,23.9,0.0,1449,0,1077
2024-10-13,Ghaziabad,Maize,22.6,23.3,0.5,1513,0,1139
2024-10-14,Ghaziabad,Maize,23.0,23.6,0.3,1518,0,1121
2024-10-15,Ghaziabad,Maize,22.9,23.8,0.0,1565,0,1179
2024-10-16,Ghaziabad,Maize,23.1,23.2,1.0,1590,0,1187
2024-10-17,Ghaziabad,Maize,23.3,23.2,1.3,1623,0,1212
2024-10-18,Ghaziabad,Maize,23.3,23.2,0.0,1655,0,1225
2024-10-19,Ghaziabad,Maize,23.0,22.8,0.0,1698,0,1250
2024-10-20,Ghaziabad,Maize,23.4,23.1,0.0,1717,0,1290
2024-10-21,Ghaziabad,Maize,23.3,22.6,0.0,1751,1,1424
2024-10-22,Gurugram,Maize,24.4,22.9,0.9,1335,0,992
2024-10-23,Gurugram,Maize,24.3,22.5,0.0,1378,0,1035
2024-10-24,Gurugram,Maize,24.5,22.4,0.6,1411,0,1056
2024-10-25,Gurugram,Maize,24.6,22.1,0.3,1454,0,1074
2024-10-26,Gurugram,Maize,24.7,22.0,0.0,1475,0,1091
2024-10-27,Gurugram,Maize,24.8,22.3,0.0,1505,0,1131
2024-10-28,Gurugram,Maize,25.0,22.2,0.0,1532,0,1137
2024-10-29,Gurugram,Maize,25.0,21.8,0.0,1552,0,1172
2024-10-30,Gurugram,Maize,25.2,22.0,0.0,1608,0,1202
2024-10-31,Gurugram,Maize,25.1,21.3,0.0,1595,1,1306
2024-11-01,Faridabad,Maize,22.4,21.5,0.0,1302,0,971
2024-11-02,Faridabad,Maize,22.4,21.5,0.0,1335,0,988
2024-11-03,Faridabad,Maize,22.6,21.5,0.0,1363,0,1018
2024-11-04,Faridabad,Maize,22.9,21.5,0.0,1367,0,1012
2024-11-05,Faridabad,Maize,22.7,20.9,0.0,1426,0,1069
2024-11-06,Faridabad,Maize,22.8,20.7,0.0,1461,0,1075
2024-11-07,Faridabad,Maize,22.8,20.6,0.0,1493,0,1111
2024-11-08,Faridabad,Maize,23.2,20.8,0.4,1496,0,1116
2024-11-09,Faridabad,Maize,23.1,20.5,0.0,1528,0,1140
2024-11-10,Faridabad,Maize,23.3,20.7,0.0,1549,1,1282
2024-11-11,Sonipat,Maize,21.0,19.5,0.0,1166,0,873
2024-11-12,Sonipat,Maize,21.2,19.3,0.0,1205,0,902
2024-11-13,Sonipat,Maize,21.4,19.5,0.7,1229,0,919
2024-11-14,Sonipat,Maize,21.1,19.2,0.0,1268,0,946
2024-11-15,Sonipat,Maize,21.6,19.1,1.4,1277,0,941
2024-11-16,Sonipat,Maize,21.6,19.3,0.0,1321,0,974
2024-11-17,Sonipat,Maize,21.7,18.8,1.0,1329,0,979
2024-11-18,Sonipat,Maize,21.7,19.5,0.0,1384,0,1028
2024-11-19,Sonipat,Maize,21.8,18.8,0.0,1392,0,1038
2024-11-20,Sonipat,Maize,22.0,18.8,0.0,1416,1,1151
2024-11-21,Panipat,Maize,20.4,18.9,0.0,1120,0,837
2024-11-22,Panipat,Maize,20.7,18.4,1.1,1171,0,878
2024-11-23,Panipat,Maize,20.4,18.4,0.0,1197,0,880
2024-11-24,Panipat,Maize,20.6,18.4,0.0,1235,0,929
2024-11-25,Panipat,Maize,20.7,18.1,0.0,1233,0,921
2024-11-26,Panipat,Maize,20.7,17.9,0.0,1265,0,944
2024-11-27,Panipat,Maize,21.0,18.1,0.0,1273,0,953
2024-11-28,Panipat,Maize,20.9,17.8,0.0,1326,0,998
2024-11-29,Panipat,Maize,21.3,17.9,0.0,1356,0,1009
2024-11-30,Panipat,Maize,21.4,17.4,1.2,1343,1,1112
2024-12-01,Meerut,Maize,21.5,17.8,0.0,1418,0,1055
2024-12-02,Meerut,Maize,21.4,17.8,0.0,1438,0,1085
2024-12-03,Meerut,Maize,21.5,17.7,0.0,1466,0,1097
2024-12-04,Meerut,Maize,21.7,17.8,0.0,1475,0,1096
2024-12-05,Meerut,Maize,22.0,17.3,0.0,1516,0,1116
2024-12-06,Meerut,Maize,22.0,17.5,0.0,1567,0,1182
2024-12-07,Meerut,Maize,21.9,17.5,0.0,1582,0,1173
2024-12-08,Meerut,Maize,22.3,17.7,0.8,1635,0,1209
2024-12-09,Meerut,Maize,22.3,17.4,0.0,1653,0,1226
2024-12-10,Meerut,Maize,22.4,17.5,0.0,1684,1,1379
2024-12-11,Rohtak,Maize,20.6,17.0,0.0,1085,0,807
2024-12-12,Rohtak,Maize,20.9,16.9,0.0,1108,0,833
2024-12-13,Rohtak,Maize,20.9,16.9,0.0,1118,0,828
2024-12-14,Rohtak,Maize,20.7,16.9,0.0,1160,0,866
2024-12-15,Rohtak,Maize,21.0,16.8,0.0,1186,0,882
2024-12-16,Rohtak,Maize,21.1,16.6,0.0,1200,0,896
2024-12-17,Rohtak,Maize,21.2,16.6,0.0,1243,0,934
2024-12-18,Rohtak,Maize,21.5,16.6,0.0,1238,0,930
2024-12-19,Rohtak,Maize,21.6,16.8,0.0,1288,0,957
2024-12-20,Rohtak,Maize,21.7,16.7,0.0,1339,1,1085
2024-12-21,Delhi,Maize,22.3,16.8,0.4,2581,0,1924
2024-12-22,Delhi,Maize,22.2,16.7,0.0,2601,0,1935
2024-12-23,Delhi,Maize,22.2,16.4,0.0,2653,0,1971
2024-12-24,Delhi,Maize,22.3,16.5,0.0,2680,0,2015
2024-12-25,Delhi,Maize,22.7,16.4,0.4,2745,0,2066
2024-12-26,Delhi,Maize,22.5,16.8,0.0,2811,0,2102
2024-12-27,Delhi,Maize,22.6,16.3,0.5,2869,0,2129
2024-12-28,Delhi,Maize,22.8,16.3,0.0,2913,0,2149
2024-12-29,Delhi,Maize,23.1,16.5,0.3,2934,0,2181
2024-12-30,Delhi,Maize,23.1,16.5,0.0,3006,1,2445
2024-12-31,Noida,Maize,21.3,16.4,0.0,1616,0,1195
2025-01-01,Noida,Maize,21.6,16.1,0.5,1653,0,1233
2025-01-02,Noida,Maize,21.9,16.5,0.7,1680,0,1268
2025-01-03,Noida,Maize,21.7,16.2,0.0,1716,0,1269
2025-01-04,Noida,Maize,21.8,16.0,0.0,1731,0,1284
2025-01-05,Noida,Maize,21.8,16.2,0.0,1807,0,1358
2025-01-06,Noida,Maize,22.3,16.4,1.2,1825,0,1361
2025-01-07,Noida,Maize,22.2,16.1,0.0,1859,0,1371
2025-01-08,Noida,Maize,22.3,16.1,0.5,1911,0,1430
2025-01-09,Noida,Maize,22.3,16.0,0.0,1905,1,1562
2025-01-10,Ghaziabad,Maize,21.1,15.9,0.0,1485,0,1098
2025-01-11,Ghaziabad,Maize,21.1,16.4,0.0,1514,0,1136
2025-01-12,Ghaziabad,Maize,21.2,15.8,0.0,1552,0,1164
2025-01-13,Ghaziabad,Maize,21.3,16.2,0.0,1566,0,1159
2025-01-14,Ghaziabad,Maize,21.3,16.5,0.0,1593,0,1194
2025-01-15,Ghaziabad,Maize,21.7,16.1,1.1,1633,0,1221
2025-01-16,Ghaziabad,Maize,21.6,15.7,0.0,1690,0,1243
2025-01-17,Ghaziabad,Maize,21.8,16.1,0.0,1719,0,1284
2025-01-18,Ghaziabad,Maize,21.9,16.1,0.0,1756,0,1297
2025-01-19,Ghaziabad,Maize,22.0,16.3,0.0,1765,1,1434
2025-01-20,Gurugram,Maize,23.0,16.8,0.0,1380,0,1017
2025-01-21,Gurugram,Maize,23.2,16.4,1.0,1386,0,1030
2025-01-22,Gurugram,Maize,23.5,16.6,0.0,1439,0,1077
2025-01-23,Gurugram,Maize,23.4,16.1,0.0,1443,0,1086
2025-01-24,Gurugram,Maize,23.7,16.3,0.0,1491,0,1103
2025-01-25,Gurugram,Maize,23.7,16.4,0.0,1506,0,1119
2025-01-26,Gurugram,Maize,23.8,16.5,0.0,1548,0,1159
2025-01-27,Gurugram,Maize,23.8,16.6,0.0,1564,0,1171
2025-01-28,Gurugram,Maize,23.8,16.6,0.0,1626,0,1209
2025-01-29,Gurugram,Maize,24.2,16.5,0.0,1626,1,1325
2025-01-30,Faridabad,Maize,21.2,16.4,0.0,1309,0,982
2025-01-31,Faridabad,Maize,21.4,16.7,0.0,1343,0,1013
2025-02-01,Faridabad,Maize,21.5,16.3,0.9,1363,0,1010
2025-02-02,Faridabad,Maize,21.7,16.6,0.0,1403,0,1055
2025-02-03,Faridabad,Maize,21.9,16.8,1.2,1444,0,1071
2025-02-04,Faridabad,Maize,22.1,16.8,0.0,1470,0,1084
2025-02-05,Faridabad,Maize,22.2,17.0,0.0,1491,0,1118
2025-02-06,Faridabad,Maize,22.1,16.6,0.0,1527,0,1149
2025-02-07,Faridabad,Maize,22.2,17.0,0.0,1550,0,1166
2025-02-08,Faridabad,Maize,22.7,17.1,0.4,1586,1,1310
2025-02-09,Sonipat,Maize,20.1,16.2,0.0,1184,0,887
2025-02-10,Sonipat,Maize,20.7,16.5,0.0,1207,0,907
2025-02-11,Sonipat,Maize,20.9,16.6,1.4,1255,0,932
2025-02-12,Sonipat,Maize,20.8,16.8,0.0,1267,0,942
2025-02-13,Sonipat,Maize,20.7,16.6,0.0,1304,0,983
2025-02-14,Sonipat,Maize,21.0,16.5,0.0,1324,0,977
2025-02-15,Sonipat,Maize,20.9,16.7,0.0,1355,0,1005
2025-02-16,Sonipat,Maize,21.1,16.5,0.0,1399,0,1042
2025-02-17,Sonipat,Maize,21.3,16.6,0.0,1415,0,1059
2025-02-18,Sonipat,Maize,21.3,16.9,0.0,1423,1,1173
2025-02-19,Panipat,Maize,19.9,17.0,0.0,1145,0,847
2025-02-20,Panipat,Maize,20.0,16.5,0.0,1153,0,861
2025-02-21,Panipat,Maize,20.2,17.1,0.0,1204,0,890
2025-02-22,Panipat,Maize,20.5,17.1,0.0,1221,0,900
2025-02-23,Panipat,Maize,20.4,17.2,0.0,1253,0,934
2025-02-24,Panipat,Maize,20.5,17.2,0.0,1299,0,973
2025-02-25,Panipat,Maize,20.7,17.3,0.0,1303,0,975
2025-02-26,Panipat,Maize,20.9,17.1,0.0,1338,0,996
2025-02-27,Panipat,Maize,21.0,17.6,0.0,1341,0,986
2025-02-28,Panipat,Maize,21.2,17.9,0.0,1395,1,1135
2025-03-01,Meerut,Maize,21.2,17.9,0.0,1414,0,1051
2025-03-02,Meerut,Maize,21.6,18.3,0.0,1431,0,1055
2025-03-03,Meerut,Maize,21.7,18.1,0.0,1475,0,1088
2025-03-04,Meerut,Maize,22.0,18.3,0.0,1522,0,1121
2025-03-05,Meerut,Maize,22.0,18.4,0.0,1555,0,1167
2025-03-06,Meerut,Maize,22.2,18.5,0.0,1582,0,1172
2025-03-07,Meerut,Maize,22.1,18.5,0.0,1599,0,1197
2025-03-08,Meerut,Maize,22.6,18.8,0.7,1666,0,1249
2025-03-09,Meerut,Maize,22.5,18.7,0.0,1686,0,1253
2025-03-10,Meerut,Maize,22.8,18.8,0.7,1709,1,1383
2025-03-11,Rohtak,Maize,21.4,19.0,1.3,1094,0,812
2025-03-12,Rohtak,Maize,21.1,18.9,0.0,1117,0,842
2025-03-13,Rohtak,Maize,21.6,19.3,0.7,1154,0,856
2025-03-14,Rohtak,Maize,21.7,18.9,1.1,1169,0,862
2025-03-15,Rohtak,Maize,21.7,19.2,0.0,1192,0,893
2025-03-16,Rohtak,Maize,21.9,19.7,0.0,1221,0,909
2025-03-17,Rohtak,Maize,22.2,19.4,1.4,1259,0,926
2025-03-18,Rohtak,Maize,22.0,19.4,0.0,1275,0,953
2025-03-19,Rohtak,Maize,22.2,19.6,0.5,1289,0,971
2025-03-20,Rohtak,Maize,22.4,19.8,0.9,1327,1,1099
2025-03-21,Delhi,Maize,22.9,20.3,0.0,2568,0,1915
2025-03-22,Delhi,Maize,23.1,20.5,0.5,2625,0,1949
2025-03-23,Delhi,Maize,23.1,20.3,0.0,2692,0,2026
2025-03-24,Delhi,Maize,23.4,20.8,0.6,2710,0,2032
2025-03-25,Delhi,Maize,23.4,20.6,0.0,2788,0,2076
2025-03-26,Delhi,Maize,23.7,20.9,0.0,2831,0,2124
2025-03-27,Delhi,Maize,23.6,20.8,0.0,2892,0,2172
2025-03-28,Delhi,Maize,24.0,21.2,0.0,2946,0,2213
2025-03-29,Delhi,Maize,24.0,21.0,0.8,2993,0,2245
2025-03-30,Delhi,Maize,24.3,21.6,0.0,3016,1,2484
2025-03-31,Noida,Maize,22.5,21.3,0.0,1633,0,1207
2025-04-01,Noida,Maize,22.5,22.0,0.0,1655,0,1246
2025-04-02,Noida,Maize,22.8,22.2,0.0,1703,0,1259
2025-04-03,Noida,Maize,23.1,21.9,0.4,1747,0,1303
2025-04-04,Noida,Maize,23.2,22.1,0.0,1762,0,1329
2025-04-05,Noida,Maize,23.2,22.3,0.0,1821,0,1341
2025-04-06,Noida,Maize,23.4,22.5,0.0,1835,0,1380
2025-04-07,Noida,Maize,23.5,21.9,0.0,1883,0,1391
2025-04-08,Noida,Maize,23.9,22.3,0.0,1909,0,1411
2025-04-09,Noida,Maize,23.9,22.8,0.0,1946,1,1594
2025-04-10,Ghaziabad,Maize,22.4,22.8,0.0,1513,0,1120
2025-04-11,Ghaziabad,Maize,22.7,23.0,1.2,1530,0,1141
2025-04-12,Ghaziabad,Maize,22.9,23.4,0.8,1582,0,1186
2025-04-13,Ghaziabad,Maize,23.0,23.1,0.0,1605,0,1186
2025-04-14,Ghaziabad,Maize,23.3,23.4,0.0,1649,0,1223
2025-04-15,Ghaziabad,Maize,23.0,23.1,0.0,1670,0,1234
2025-04-16,Ghaziabad,Maize,23.1,23.4,0.0,1686,0,1258
2025-04-17,Ghaziabad,Maize,23.4,23.5,0.0,1703,0,1277
2025-04-18,Ghaziabad,Maize,23.7,23.7,0.0,1753,0,1305
2025-04-19,Ghaziabad,Maize,24.0,23.9,1.6,1821,1,1477
2025-04-20,Gurugram,Maize,24.6,23.6,0.4,1377,0,1017
2025-04-21,Gurugram,Maize,24.9,24.4,0.0,1403,0,1032
2025-04-22,Gurugram,Maize,25.0,24.7,0.0,1442,0,1073
2025-04-23,Gurugram,Maize,25.2,24.5,0.0,1453,0,1077
2025-04-24,Gurugram,Maize,25.5,24.6,1.3,1495,0,1120
2025-04-25,Gurugram,Maize,25.7,25.0,0.0,1527,0,1137
2025-04-26,Gurugram,Maize,25.6,24.8,0.0,1577,0,1178
2025-04-27,Gurugram,Maize,25.6,25.1,0.0,1587,0,1193
2025-04-28,Gurugram,Maize,25.9,25.3,0.3,1660,0,1240
2025-04-29,Gurugram,Maize,26.3,25.4,1.2,1658,1,1340
2025-04-30,Faridabad,Maize,23.3,25.7,0.0,1342,0,1011
2025-05-01,Faridabad,Maize,23.3,25.7,0.0,1362,0,1007
2025-05-02,Faridabad,Maize,23.4,25.7,0.0,1401,0,1051
2025-05-03,Faridabad,Maize,23.5,25.7,0.0,1434,0,1055
2025-05-04,Faridabad,Maize,23.9,25.9,1.6,1433,0,1059
2025-05-05,Faridabad,Maize,23.7,26.0,0.0,1508,0,1109
2025-05-06,Faridabad,Maize,24.1,26.2,0.0,1512,0,1123
2025-05-07,Faridabad,Maize,24.3,26.3,0.0,1535,0,1157
2025-05-08,Faridabad,Maize,24.4,26.2,0.0,1564,0,1173
2025-05-09,Faridabad,Maize,24.5,26.4,0.8,1597,1,1325
2025-05-10,Sonipat,Maize,22.6,26.3,0.0,1219,0,907
2025-05-11,Sonipat,Maize,22.4,26.1,0.0,1229,0,922
2025-05-12,Sonipat,Maize,22.7,26.6,0.0,1247,0,918
2025-05-13,Sonipat,Maize,22.9,26.5,0.0,1278,0,948
2025-05-14,Sonipat,Maize,23.1,26.4,0.0,1320,0,981
2025-05-15,Sonipat,Maize,22.9,26.8,0.0,1351,0,993
2025-05-16,Sonipat,Maize,23.4,26.9,0.8,1393,0,1038
2025-05-17,Sonipat,Maize,23.6,26.9,0.0,1414,0,1062
2025-05-18,Sonipat,Maize,23.6,26.9,0.0,1448,0,1084
2025-05-19,Sonipat,Maize,23.9,27.0,1.4,1453,1,1190
2025-05-20,Panipat,Maize,22.3,27.3,0.0,1168,0,860
2025-05-21,Panipat,Maize,22.4,27.4,0.0,1175,0,875
2025-05-22,Panipat,Maize,22.7,27.2,0.5,1233,0,918
2025-05-23,Panipat,Maize,22.5,27.2,0.0,1244,0,938
2025-05-24,Panipat,Maize,22.9,27.2,0.0,1275,0,962
2025-05-25,Panipat,Maize,23.1,27.5,0.4,1290,0,953
2025-05-26,Panipat,Maize,22.9,27.6,0.0,1333,0,980
2025-05-27,Panipat,Maize,23.4,28.2,0.0,1353,0,1009
2025-05-28,Panipat,Maize,23.2,27.4,0.0,1375,0,1028
2025-05-29,Panipat,Maize,23.6,28.1,0.0,1407,1,1149
2025-05-30,Meerut,Maize,23.7,28.5,0.0,1430,0,1080
2025-05-31,Meerut,Maize,23.7,28.2,1.1,1481,0,1096
2025-06-01,Meerut,Maize,24.1,28.5,0.0,1504,0,1133
2025-06-02,Meerut,Maize,24.3,28.4,1.4,1536,0,1137
2025-06-03,Meerut,Maize,24.6,29.2,0.0,1566,0,1164
2025-06-04,Meerut,Maize,24.9,29.4,1.6,1604,0,1198
2025-06-05,Meerut,Maize,24.6,29.0,0.0,1618,0,1209
2025-06-06,Meerut,Maize,24.8,29.1,0.0,1661,0,1234
2025-06-07,Meerut,Maize,25.0,29.0,0.0,1678,0,1253
2025-06-08,Meerut,Maize,25.1,29.2,0.0,1726,1,1399
2025-06-09,Rohtak,Maize,23.1,28.8,1.1,1116,0,842
2025-06-10,Rohtak,Maize,23.5,29.3,0.0,1154,0,862
2025-06-11,Rohtak,Maize,23.7,29.1,0.9,1185,0,877
2025-06-12,Rohtak,Maize,23.7,29.3,0.0,1203,0,907
2025-06-13,Rohtak,Maize,23.6,29.0,0.0,1213,0,909
2025-06-14,Rohtak,Maize,23.9,29.7,0.4,1228,0,910
2025-06-15,Rohtak,Maize,24.1,29.1,0.7,1271,0,945
2025-06-16,Rohtak,Maize,24.4,29.7,0.0,1313,0,981
2025-06-17,Rohtak,Maize,24.4,29.7,1.1,1318,0,991
2025-06-18,Rohtak,Maize,24.7,29.9,1.4,1333,1,1078
2025-06-19,Delhi,Maize,24.9,29.9,0.0,2584,0,1914
2025-06-20,Delhi,Maize,25.0,30.1,0.0,2643,0,1980
2025-06-21,Delhi,Maize,25.2,30.0,0.0,2683,0,1976
2025-06-22,Delhi,Maize,25.2,30.3,0.0,2749,0,2063
2025-06-23,Delhi,Maize,25.4,30.2,0.0,2800,0,2061
2025-06-24,Delhi,Maize,25.7,30.5,0.0,2848,0,2112
2025-06-25,Delhi,Maize,25.8,30.5,0.0,2908,0,2163
2025-06-26,Delhi,Maize,25.8,30.5,0.0,2957,0,2209
2025-06-27,Delhi,Maize,25.8,30.5,0.0,3018,0,2253
2025-06-28,Delhi,Maize,26.3,30.4,0.0,3073,1,2514
2025-06-29,Noida,Maize,24.5,30.3,1.0,1649,0,1227
2025-06-30,Noida,Maize,24.9,30.5,1.5,1690,0,1246
2025-07-01,Noida,Maize,24.8,30.9,0.0,1727,0,1298
2025-07-02,Noida,Maize,25.1,30.6,0.0,1748,0,1303
2025-07-03,Noida,Maize,25.2,30.8,0.9,1787,0,1318
2025-07-04,Noida,Maize,25.1,30.5,0.0,1820,0,1341
2025-07-05,Noida,Maize,25.4,30.4,1.1,1886,0,1410
2025-07-06,Noida,Maize,25.4,30.9,0.4,1891,0,1404
2025-07-07,Noida,Maize,25.5,30.9,0.0,1938,0,1453
2025-07-08,Noida,Maize,25.8,31.0,0.0,1950,1,1618
2025-07-09,Ghaziabad,Maize,24.2,30.7,0.0,1510,0,1139
2025-07-10,Ghaziabad,Maize,24.5,31.0,0.0,1570,0,1158
2025-07-11,Ghaziabad,Maize,24.6,30.8,0.8,1597,0,1188
2025-07-12,Ghaziabad,Maize,24.7,31.1,0.9,1628,0,1217
2025-07-13,Ghaziabad,Maize,24.8,30.9,1.6,1627,0,1207
2025-07-14,Ghaziabad,Maize,24.8,30.4,0.0,1698,0,1257
2025-07-15,Ghaziabad,Maize,24.9,30.7,0.0,1711,0,1287
2025-07-16,Ghaziabad,Maize,24.8,30.8,0.0,1726,0,1271
2025-07-17,Ghaziabad,Maize,25.3,31.1,0.0,1786,0,1344
2025-07-18,Ghaziabad,Maize,25.3,30.8,0.0,1796,1,1450
2025-07-19,Gurugram,Maize,26.1,31.1,0.0,1418,0,1064
2025-07-20,Gurugram,Maize,26.3,31.1,0.0,1428,0,1055
2025-07-21,Gurugram,Maize,26.6,31.1,0.0,1457,0,1080
2025-07-22,Gurugram,Maize,26.6,31.1,0.0,1476,0,1086
2025-07-23,Gurugram,Maize,26.8,31.2,0.0,1542,0,1140
2025-07-24,Gurugram,Maize,26.9,31.3,0.0,1565,0,1180
2025-07-25,Gurugram,Maize,27.3,30.8,1.4,1591,0,1194
2025-07-26,Gurugram,Maize,27.1,31.2,0.0,1623,0,1202
2025-07-27,Gurugram,Maize,27.1,30.7,0.0,1659,0,1225
2025-07-28,Gurugram,Maize,27.2,30.9,0.0,1670,1,1365
2025-07-29,Faridabad,Maize,24.3,31.0,0.0,1349,0,996
2025-07-30,Faridabad,Maize,24.6,31.0,0.0,1404,0,1041
2025-07-31,Faridabad,Maize,24.4,30.4,0.0,1402,0,1040
2025-08-01,Faridabad,Maize,24.7,30.6,0.0,1451,0,1074
2025-08-02,Faridabad,Maize,25.1,30.9,1.6,1480,0,1108
2025-08-03,Faridabad,Maize,24.9,30.8,0.0,1500,0,1105
2025-08-04,Faridabad,Maize,25.1,31.0,0.5,1533,0,1130
2025-08-05,Faridabad,Maize,25.5,30.8,1.5,1562,0,1169
2025-08-06,Faridabad,Maize,25.2,31.0,0.0,1603,0,1179
2025-08-07,Faridabad,Maize,25.5,30.8,0.0,1630,1,1346
2025-08-08,Sonipat,Maize,23.4,30.2,0.0,1243,0,916
2025-08-09,Sonipat,Maize,23.4,29.8,0.0,1254,0,938
2025-08-10,Sonipat,Maize,23.4,29.5,0.0,1262,0,934
2025-08-11,Sonipat,Maize,23.8,29.9,0.6,1316,0,986
2025-08-12,Sonipat,Maize,23.7,29.9,0.8,1330,0,999
2025-08-13,Sonipat,Maize,24.0,29.8,0.0,1357,0,1014
2025-08-14,Sonipat,Maize,24.0,29.6,0.0,1403,0,1058
2025-08-15,Sonipat,Maize,24.0,29.3,0.0,1443,0,1065
2025-08-16,Sonipat,Maize,24.2,29.4,0.7,1444,0,1064
2025-08-17,Sonipat,Maize,24.3,29.7,0.0,1483,1,1209
2025-08-18,Panipat,Maize,22.8,29.2,0.4,1201,0,905
2025-08-19,Panipat,Maize,22.9,29.0,0.0,1215,0,910
2025-08-20,Panipat,Maize,22.8,29.0,0.0,1250,0,928
2025-08-21,Panipat,Maize,23.1,29.1,0.0,1269,0,953
2025-08-22,Panipat,Maize,23.2,29.3,0.0,1292,0,965
2025-08-23,Panipat,Maize,23.3,29.1,0.0,1309,0,965
2025-08-24,Panipat,Maize,23.3,28.7,0.0,1340,0,989
2025-08-25,Panipat,Maize,23.3,28.4,0.0,1392,0,1027
2025-08-26,Panipat,Maize,23.5,28.4,0.0,1428,0,1070
2025-08-27,Panipat,Maize,23.7,28.6,0.0,1416,1,1169
2025-08-28,Meerut,Maize,23.9,28.6,0.0,1468,0,1091
2025-08-29,Meerut,Maize,24.0,28.9,0.0,1500,0,1116
2025-08-30,Meerut,Maize,23.8,28.4,0.0,1527,0,1140
2025-08-31,Meerut,Maize,24.2,28.1,0.0,1557,0,1167
2025-09-01,Meerut,Maize,24.4,28.5,0.9,1623,0,1204
2025-09-02,Meerut,Maize,24.4,28.4,0.0,1651,0,1231
2025-09-03,Meerut,Maize,24.7,28.3,1.1,1645,0,1216
2025-09-04,Meerut,Maize,24.7,28.2,0.8,1691,0,1257
2025-09-05,Meerut,Maize,24.5,28.0,0.0,1721,0,1285
2025-09-06,Meerut,Maize,24.9,28.3,1.6,1759,1,1427
2025-09-07,Rohtak,Maize,23.1,28.0,0.0,1144,0,843
2025-09-08,Rohtak,Maize,23.0,27.7,0.0,1179,0,883
2025-09-09,Rohtak,Maize,23.0,27.4,0.0,1179,0,867
2025-09-10,Rohtak,Maize,23.3,27.4,0.0,1213,0,900
2025-09-11,Rohtak,Maize,23.5,27.3,1.3,1243,0,929
2025-09-12,Rohtak,Maize,23.4,27.3,0.0,1282,0,963
2025-09-13,Rohtak,Maize,23.6,27.3,0.0,1291,0,972
2025-09-14,Rohtak,Maize,23.8,27.4,0.0,1325,0,979
2025-09-15,Rohtak,Maize,23.8,27.0,0.0,1349,0,1007
2025-09-16,Rohtak,Maize,23.8,26.6,0.0,1372,1,1136
2025-09-17,Delhi,Maize,24.5,27.1,1.0,2624,0,1932
2025-09-18,Delhi,Maize,24.3,26.2,0.0,2687,0,2001
2025-09-19,Delhi,Maize,24.6,26.8,1.4,2706,0,2041
2025-09-20,Delhi,Maize,24.5,26.6,0.0,2770,0,2050
2025-09-21,Delhi,Maize,24.4,26.6,0.0,2824,0,2118
2025-09-22,Delhi,Maize,24.9,26.4,1.0,2858,0,2125
2025-09-23,Delhi,Maize,25.1,26.3,1.2,2914,0,2163
2025-09-24,Delhi,Maize,24.8,25.9,0.0,2977,0,2202
2025-09-25,Delhi,Maize,25.2,26.1,1.4,3024,0,2248
2025-09-26,Delhi,Maize,25.4,25.9,1.2,3064,1,2505
